﻿Designator,Footprint,Quantity,Value,LCSC Part #
"C1, C6",0603,2,100n,
C2,CP_Elec_5x3.9,1,22U/25V,
C3,0603,1,1N,
C4,CP_Elec_5x5.7,1,47U/50V,
C5,0603,1,1U/35V,
C7,0603,1,1U/16V,
"D10, D11, D7, D8, D9",SOT-323_SC-70,5,BAS16W,
"D12, D3, D5",0805,3,LED,
"D2, D4",D_SMA,2,D_Schottky,
D6,D_SMC,1,9V1,
F1,2920,1,Fuse,
J1,PinHeader_2x08_P2.54mm_Vertical,1,Conn_02x08_Odd_Even,
J11,"TerminalBlock_Phoenix_PT-1,5-3-5.0-H_1x03_P5.00mm_Horizontal",1,Screw_Terminal_01x03,
J2,PinSocket_2x20_P2.54mm_Vertical,1,GPIO,
"J4, J6",PinHeader_1x04_P2.54mm_Vertical,2,Conn_01x04,
J5,PinHeader_1x08_P2.54mm_Vertical,1,Conn_01x08,
"J7, J8","PhoenixContact_MSTBA_2,5_2-G-5,08_1x02_P5.08mm_Horizontal",2,Conn_01x02,
JP1,SolderJumper-2_P1.3mm_Open_TrianglePad1.0x1.5mm,1,ID_WP,
L1,L_7.3x7.3_H4.5,1,150U,
"Q1, Q2, Q3",SOT-23,3,BC817,
Q4,SOT-223-3_TabPin2,1,BCP51,
"R1, R2",0603,2,3.9k,
"R10, R23, R24",0603,3,22k,
R11,0603,1,2k2,
"R12, R8",0603,2,470R,
"R13, R3, R31",0603,3,DNP,
R14,0603,1,220R,
R15,0603,1,10k,
"R16, R17, R30, R9",0603,4,1k,
"R18, R28",0603,2,220k,
R19,0603,1,39k,
R20,0603,1,18k,
R21,0603,1,15k,
"R22, R7",0603,2,100k,
R25,0603,1,120R,
R26,0603,1,3k3,
R27,0603,1,33k,
R29,0603,1,82,
R32,0603,1,0R,
R4,0603,1,0.47,
R5,0603,1,4k7,
R6,0603,1,180R,
U1,SOIC-8_3.9x4.9mm_P1.27mm,1,CAT24C256,
U2,SOIC-8_3.9x4.9mm_P1.27mm,1,MC34063AD,
"U3, U4",SO-4_4.4x3.6mm_P2.54mm,2,LTV-357T,
U5,SOIC-8_3.9x4.9mm_P1.27mm,1,LM2903,
U6,SOT-89-3,1,L78L05_SOT89,
